employee_id,first_name,last_name,date_of_birth,gender,hire_date,department_id,position,email,phone,address
1,David,Hood,1969-10-06,Female,2018-01-01,3,Software Engineer,jeffrey33@example.com,427.674.1154x7462,"908 Ellis Branch Apt. 860
Russellborough, MD 93576"
2,Alexander,Davis,1965-12-16,Female,2017-05-07,2,Software Engineer,thines@example.net,5826466415,"690 Steven Spur
East Bradleyberg, RI 47770"
3,Garrett,Schwartz,1987-08-10,Male,2019-01-02,1,Financial Analyst,daniel67@example.com,001-521-900-4579x6015,"7475 Anderson Meadow
West Jessicashire, IL 47222"
4,Curtis,Franklin,1995-10-23,Male,2021-09-29,5,Sales Representative,tyler39@example.com,957-843-6532x91124,"487 Allison Freeway Apt. 662
West Johnmouth, OH 31020"
5,Jessica,Ayers,1971-02-17,Male,2016-08-08,1,Financial Analyst,fcross@example.org,(707)225-3718x1303,"7223 John Hill Apt. 004
Schultzview, MT 18740"
6,Alexandria,Leach,1999-04-03,Female,2017-01-14,4,Marketing Specialist,douglaslewis@example.net,+1-478-536-8513x011,"082 Michael Curve
West Jennifer, GA 64544"
7,Carolyn,Cannon,2000-10-27,Female,2023-04-29,4,Sales Representative,nguyenangela@example.com,981-866-8167,"Unit 4161 Box 0323
DPO AE 16241"
8,Daniel,Bennett,1994-01-09,Female,2015-07-17,3,Financial Analyst,diazdaniel@example.com,533.672.1709x3344,"9776 Rodriguez Heights
Mitchellborough, MH 62956"
9,Kevin,Brown,1996-04-05,Female,2018-02-22,1,HR Manager,ogilbert@example.net,+1-333-458-2396x800,"16221 Jordan Village Suite 202
Johnsonstad, AZ 58661"
10,Christine,Young,1998-06-10,Female,2022-10-13,1,HR Manager,jsimpson@example.org,749.354.8866x6716,"0682 Stevens Common
Longfort, ND 03587"
11,Shelly,Whitaker,1977-12-11,Female,2016-05-15,2,Marketing Specialist,frytina@example.com,001-214-574-1419,"USS Tucker
FPO AP 54278"
12,Danielle,Chapman,1964-09-01,Female,2018-07-13,5,Marketing Specialist,christinawebb@example.net,(223)565-2467,"0838 Powers Unions Suite 983
Sheaview, SD 58700"
13,James,Giles,1999-12-08,Male,2018-08-20,3,Sales Representative,rlopez@example.net,(710)855-5119,"8629 Jefferson Way
Lake Andreahaven, IA 57862"
14,Harry,Hunt,1972-09-22,Female,2018-05-20,4,Marketing Specialist,simsheather@example.net,001-569-850-5728x88040,"40868 Matthew Lock Suite 468
North Zacharymouth, NY 37808"
15,Carol,Sanchez,1974-09-27,Male,2017-04-28,2,Marketing Specialist,mcdanieljames@example.net,801.689.8677,"00000 Daniel Stream Apt. 424
Nancyside, NV 24404"
16,Sherry,Horn,1965-03-20,Female,2020-05-30,4,Marketing Specialist,kristen82@example.net,833-546-6223x32743,"Unit 1723 Box 6647
DPO AP 82919"
17,William,Bryant,2001-10-20,Female,2024-02-02,2,Financial Analyst,angiehammond@example.net,+1-501-882-7020x7689,"0753 Mann Crossroad
Howellhaven, AL 38437"
18,Lori,Conway,2000-09-26,Female,2016-04-27,2,Financial Analyst,bruce63@example.org,+1-435-905-0439,"396 Shaw Heights Apt. 593
New Josephview, ND 94434"
19,Anthony,Fischer,1996-07-03,Male,2020-12-28,4,Financial Analyst,bakerdeanna@example.com,001-844-553-9785x39349,"58973 Kimberly Inlet
East Kristineborough, MI 41517"
20,Jennifer,Wilson,2002-03-03,Male,2018-10-24,5,Financial Analyst,wmckenzie@example.net,001-921-721-5983,"4808 Morrison Glen Apt. 005
North Crystalside, RI 14820"
21,Ashley,Leon,1983-03-29,Female,2021-10-08,5,Software Engineer,shane98@example.net,001-300-477-1524x3860,"Unit 7787 Box 3466
DPO AA 45954"
22,James,Sanders,1972-10-20,Male,2016-12-14,4,Sales Representative,hallbrandi@example.com,001-686-467-9867x4975,"23106 Meyer Summit
East Michaelstad, AR 73430"
23,Derek,Curtis,2001-05-20,Female,2018-05-17,2,Financial Analyst,gutierrezchristopher@example.net,(400)234-6331,"04422 Elizabeth Junctions Apt. 454
New Scott, OH 30142"
24,Juan,Hicks,1998-02-15,Female,2022-06-08,2,Marketing Specialist,perkinstimothy@example.net,+1-225-420-4351x1525,"USNV Green
FPO AE 41426"
25,Wendy,Serrano,1964-10-08,Male,2015-07-05,3,Software Engineer,cfernandez@example.org,753.667.1998x0488,"693 Randy Village Apt. 733
East Bethany, NY 04227"
26,Lisa,Jones,1966-04-29,Male,2015-03-12,3,Financial Analyst,smithchristopher@example.com,+1-603-674-8583x549,"8421 Linda Hill Suite 213
Vincentport, IA 59015"
27,Tyler,Collins,2000-03-07,Female,2023-04-25,5,Sales Representative,lopezbenjamin@example.org,+1-454-738-5745x12845,"43445 Beth Ville
East Kaitlyn, AR 43190"
28,James,Cooper,1980-12-24,Male,2018-02-14,4,Financial Analyst,dortiz@example.net,(651)473-6415x94322,"PSC 3851, Box 9802
APO AE 18947"
29,Jeffrey,Patrick,1965-02-03,Male,2023-02-14,1,Financial Analyst,jody26@example.org,001-694-279-9856,"71405 Sarah Trail
Eugenefurt, NH 18464"
30,Tyler,Conner,1991-03-20,Female,2019-01-16,4,HR Manager,billyhodge@example.com,(844)977-3417x12331,"8264 Amber Pine Apt. 157
Nortonview, NJ 45149"
31,Grace,Spears,1966-07-30,Male,2023-10-26,3,Software Engineer,johnsonsteven@example.com,+1-857-818-0700x89648,"758 Bianca Course Suite 084
North Gabriellestad, MA 45668"
32,Morgan,King,1999-03-09,Male,2017-11-24,4,HR Manager,amyashley@example.net,+1-509-399-9573x73914,"2450 Jeffrey Lane Apt. 253
Nelsonville, MP 06004"
33,Cheryl,Miller,1984-11-22,Male,2021-02-19,4,HR Manager,brownjeffrey@example.net,+1-481-621-2791,"39499 Donna Vista Apt. 804
Mccarthyton, GA 03006"
34,Diana,Ortega,1982-05-22,Male,2015-07-31,1,Financial Analyst,ashleycruz@example.com,328-686-0970,"80884 Garcia Lights Apt. 142
Georgetown, VI 22934"
35,Brian,Park,1976-11-19,Male,2018-09-06,3,Financial Analyst,andrewdillon@example.com,453.652.5948x2072,"0246 Wilson Wells Apt. 447
Stevenfurt, CO 13027"
36,Victoria,Vasquez,1964-02-25,Female,2014-09-08,1,Financial Analyst,phillipsrebecca@example.net,001-479-473-6254x9883,"52870 Sarah Gateway Suite 077
Guyport, MO 75147"
37,Kaitlin,Collins,1969-01-07,Female,2017-05-01,5,HR Manager,charlesfields@example.net,391-999-8109x731,"4592 Tiffany Shoals
Nelsonburgh, NM 20985"
38,Barbara,Hamilton,1993-09-19,Female,2020-01-11,1,Marketing Specialist,vgriffin@example.net,650.585.2193,"735 Lutz Squares Apt. 597
Andrewside, MP 88363"
39,Nathaniel,Ryan,1979-10-24,Male,2015-08-26,4,Sales Representative,bparrish@example.org,753-516-7307,"843 Rebecca Crossing Suite 641
West Cameron, HI 62742"
40,Jeanette,Murphy,1970-09-07,Female,2015-04-23,2,Software Engineer,bfritz@example.com,+1-926-990-0536x046,"2177 Michelle Alley Apt. 338
West Amber, CO 77495"
41,Michele,Henson,1988-10-23,Female,2019-01-15,4,Marketing Specialist,theresa10@example.org,+1-664-650-1672x69575,"Unit 9782 Box 0220
DPO AP 37215"
42,Scott,Gibson,1983-10-16,Male,2021-01-14,2,Software Engineer,jdixon@example.com,760-950-6422x88668,"661 Murphy Green Suite 608
Craigton, LA 56856"
43,Deborah,Ross,1968-07-06,Female,2018-05-09,2,HR Manager,hmorris@example.net,001-777-370-1845x3234,"44175 Mark Landing Apt. 097
South Pennystad, OR 18610"
44,Kimberly,Barnett,1974-01-15,Female,2014-11-29,2,Marketing Specialist,spencerrita@example.org,609.268.8876,"842 Stephen Center Apt. 436
Christensenmouth, WI 85251"
45,Christina,Snyder,1993-05-27,Female,2022-08-20,2,Software Engineer,michael22@example.org,001-427-760-0022x21942,"8346 Deborah Ranch
Knoxbury, MI 62836"
46,Brad,Sullivan,1979-03-11,Male,2020-10-13,3,Sales Representative,michaelbond@example.org,326-307-1192,"048 Mark Square Suite 611
Savagechester, WI 07005"
47,Gregory,Shah,1971-01-21,Male,2019-10-22,5,HR Manager,roger03@example.org,309.786.4153x579,"51316 Melanie Curve
Evanstown, CO 07947"
48,Krystal,Proctor,1998-05-28,Female,2018-04-19,2,Sales Representative,joshua44@example.net,+1-338-755-3015x47821,"1427 Lee Shore
North Jeremy, TX 71626"
49,Edward,May,1968-02-23,Male,2017-10-01,1,Financial Analyst,wolfejohn@example.org,001-785-735-0731,"804 Alexis Camp
Cunninghamberg, MD 54711"
50,April,Reid,1990-05-18,Female,2019-04-11,3,Financial Analyst,nmoses@example.com,496-889-0804x432,"6302 Romero Wells Suite 969
Port Melissafurt, FL 78652"
51,Andrew,Bishop,1991-08-23,Male,2024-04-22,3,Sales Representative,joseph11@example.com,705-537-4619x9489,"737 Cynthia Ferry Suite 214
East Joshuamouth, GU 40147"
52,Gabriela,Davis,1972-07-10,Male,2020-01-09,2,Software Engineer,allen94@example.net,711-261-4672x9068,"7828 Julie Gateway Suite 012
South Matthewton, VI 34939"
53,Amanda,Jones,1971-07-04,Female,2024-03-29,3,Sales Representative,floresderrick@example.net,(839)435-5569,"421 Cortez Mountain
New Melissa, MS 10766"
54,Erika,Perkins,1966-10-11,Male,2017-10-11,1,Sales Representative,robinsonbrittany@example.net,363.360.8643x370,"596 Tina Center Suite 838
Lorimouth, TN 97187"
55,James,Ryan,1970-04-30,Female,2019-02-04,3,Software Engineer,barbarareynolds@example.com,429.476.7657x76543,"90713 Young Ridge
Port Jesse, IA 61843"
56,Danielle,Baker,1964-12-12,Female,2020-01-25,3,Financial Analyst,lopezmatthew@example.org,618-648-3605x06511,"41482 Roberts Shoals
East Timothy, VT 53364"
57,Christopher,Huerta,1987-03-16,Male,2019-02-08,2,Financial Analyst,kenneth36@example.com,(651)575-2152,"1479 Stephen Lock
Port Feliciastad, CO 28928"
58,Jennifer,Smith,1990-04-30,Male,2019-05-30,1,Marketing Specialist,markjohnson@example.net,(304)756-1049x704,"85051 Thomas Forges Apt. 293
Gomeztown, RI 06184"
59,Joel,Pennington,1987-10-16,Male,2021-05-28,1,Sales Representative,candicemartinez@example.org,(274)233-1599,"67415 Briana Lights
East Tanyatown, NM 86928"
60,Jeanne,Douglas,2001-11-23,Male,2016-08-31,3,Sales Representative,kempjustin@example.org,+1-587-274-9447x78214,"USNV Sanford
FPO AA 55625"
61,Leslie,Lee,1977-10-27,Female,2019-02-26,2,Financial Analyst,davidschneider@example.org,478-959-2088,"5042 Felicia Turnpike
Brettmouth, NH 72116"
62,Alexis,Smith,1989-03-28,Female,2017-09-13,1,Marketing Specialist,beckdiana@example.com,6883035611,"489 Jessica Loop
Chapmanhaven, UT 74415"
63,Annette,Holmes,1977-01-11,Male,2021-06-11,3,Marketing Specialist,jcallahan@example.net,(390)613-9988x911,"9319 Orr Squares Suite 743
Stephaniemouth, NJ 04357"
64,Michael,Martinez,1986-05-05,Female,2019-07-23,1,Financial Analyst,nlee@example.com,763-777-9317x7437,"85692 Davis Manors
West Juliaton, MP 08465"
65,Charles,Dawson,1997-02-19,Male,2020-01-28,4,Sales Representative,sanderslisa@example.org,498.747.0721x161,"307 Kim Passage Suite 439
North Kayla, ND 66090"
66,Dennis,Garner,1997-06-15,Male,2015-09-18,4,Sales Representative,charlesbrown@example.org,(707)377-4462x454,"8423 Cruz Point
Clintonport, NM 63459"
67,Lawrence,Douglas,1972-12-28,Male,2020-12-21,3,Marketing Specialist,gmathis@example.org,7444548320,"269 Trevor Cliff Apt. 557
West Jordan, IN 80004"
68,Ashley,Perry,1973-03-21,Male,2017-10-01,5,HR Manager,caitlyn88@example.com,727-259-6396,"045 Mallory Streets Apt. 929
West Angel, UT 99267"
69,Kevin,Carroll,1967-10-04,Male,2022-05-19,3,Sales Representative,christopher23@example.com,+1-530-938-3498,"863 Simon Curve Apt. 188
West Emily, MD 03187"
70,Amy,Sullivan,1981-04-18,Male,2021-06-13,1,Financial Analyst,kimberly80@example.org,640.565.3060x11618,"65737 Kevin Rue Suite 568
Hallfort, PR 33608"
71,Warren,Cruz,2001-01-01,Female,2021-02-08,4,Financial Analyst,mcmillanryan@example.com,(544)651-2066,"63968 Vega Club
East Marctown, CO 08815"
72,Maria,Hines,1989-03-18,Male,2024-05-31,4,Software Engineer,william94@example.org,(456)911-1698,"29530 Betty Garden Apt. 294
Kerrview, ID 37317"
73,Steven,Graham,1996-04-11,Male,2015-01-26,1,Marketing Specialist,henrycalhoun@example.com,(622)520-1886x85158,"153 Myers Land
Lake Christina, AZ 41260"
74,Sean,Young,1986-04-08,Male,2021-02-11,3,HR Manager,sheri15@example.net,001-246-940-9948,"6602 Mcdonald Mews
Floydmouth, MA 31651"
75,James,Banks,1993-05-24,Male,2023-07-02,1,Financial Analyst,patricia50@example.org,+1-523-816-3560x37834,"33417 Amber Summit
East Robert, MA 30742"
76,Jonathan,Giles,2000-11-22,Female,2017-05-17,5,Marketing Specialist,kcopeland@example.net,+1-380-406-6057,"9947 Gilbert Centers
Ericksonport, NC 01822"
77,Ashley,Parsons,1980-10-16,Male,2014-08-25,4,Software Engineer,harrisjoseph@example.org,+1-332-840-8382,"0422 Mccoy Course Suite 549
Mayland, LA 66444"
78,Joseph,Palmer,1993-05-08,Female,2024-07-21,5,Financial Analyst,kevin28@example.org,001-732-322-5964,"229 Marks Harbor Suite 714
Schwartzport, MS 68598"
79,Vanessa,Brown,1975-08-22,Female,2023-06-20,2,Marketing Specialist,jmiller@example.net,(306)764-4791x66955,"9133 Virginia Gardens Suite 569
Smithville, VI 08715"
80,Todd,Mendez,1972-10-06,Female,2020-08-15,1,Software Engineer,vanessa49@example.net,+1-493-557-9673x2812,"6422 Mary Burgs
Matthewfurt, GU 96977"
81,Gregory,James,1991-07-28,Female,2018-10-14,5,Marketing Specialist,jclarke@example.org,+1-987-687-0166x851,"USS Clayton
FPO AA 19872"
82,Annette,Graves,1971-11-08,Female,2019-04-21,3,Marketing Specialist,lberry@example.com,001-819-424-2303x80017,"214 Jesse Fields
South Betty, DC 24256"
83,Hannah,Lindsey,1986-01-16,Female,2021-12-26,2,Software Engineer,vfaulkner@example.org,001-574-613-6090,"72559 Christopher Mountains Apt. 567
Lake Brianmouth, OR 39067"
84,Amanda,Cole,1982-01-26,Male,2023-12-06,3,HR Manager,onichols@example.org,001-938-227-1212x24583,"233 Elizabeth Inlet
Browningport, AL 54032"
85,Darrell,Howell,1985-07-25,Female,2022-11-20,5,HR Manager,angeladavis@example.com,+1-221-874-9792x5866,"7641 Christie Parks
Coltonshire, LA 53809"
86,Allison,Coffey,1968-08-30,Male,2020-01-04,3,HR Manager,gregorymelton@example.org,+1-961-362-5041x8171,"Unit 3160 Box 8681
DPO AA 12490"
87,Angela,Ortega,1989-02-15,Female,2020-01-21,1,Financial Analyst,donnamartin@example.org,839.262.3730x4986,"4299 Barry Pine
Gibsonport, VA 56885"
88,Ryan,Lee,1972-06-12,Female,2023-01-30,4,Sales Representative,cunninghampaula@example.net,001-397-218-4997,"10553 Dyer Stravenue
New Meaganfort, AK 23103"
89,Hannah,Arnold,1973-12-01,Female,2016-04-11,5,Financial Analyst,amanda37@example.com,651.949.7119x9701,"875 William Camp Suite 708
Smithfort, AZ 61094"
90,Brian,Davis,1985-06-15,Female,2015-01-06,3,Financial Analyst,wilkersonmichael@example.net,432.876.4993x7846,"05012 Powell Fall Apt. 968
Port Daniel, FM 21562"
91,Brent,Thompson,1995-07-26,Female,2018-03-21,4,HR Manager,morganrobert@example.com,250.416.4836x1219,"83684 Ann Hills Apt. 519
North Laura, FM 94395"
92,Garrett,Fitzpatrick,1984-04-09,Male,2016-10-13,1,Sales Representative,marymyers@example.net,001-278-967-6303,"341 Beth Forest
South Paulmouth, CO 97826"
93,Lisa,Levy,1992-09-01,Male,2018-12-13,4,Marketing Specialist,alvarezalexis@example.net,(218)492-4754x6077,"9967 Rebecca Locks Suite 358
Mcdanieltown, ND 51540"
94,Timothy,Randolph,1992-05-30,Female,2017-11-10,2,Financial Analyst,benjamindennis@example.net,598-671-4128x6859,"480 Brittany Locks
Robinsonville, MS 05281"
95,Angela,Smith,1997-08-31,Female,2019-11-13,3,Financial Analyst,bethany11@example.net,001-593-589-4045,"392 Richardson Drive
Isaacborough, FL 21629"
96,Amy,Huang,1997-10-03,Male,2022-06-17,4,HR Manager,joshuamartin@example.net,+1-208-285-3643x9200,"731 Dawn Terrace Suite 044
Port Dennis, WV 04190"
97,Colton,Kennedy,1981-09-30,Female,2022-10-14,2,Software Engineer,hflores@example.org,624-854-2217,"394 Richards Ridges Suite 533
Carrilloland, AR 69504"
98,Carly,Smith,1993-06-01,Male,2021-07-24,5,Marketing Specialist,jenniferdunlap@example.net,001-720-239-4181x573,"7085 Pedro Spur
West Margaret, GA 74643"
99,Mark,Cuevas,1971-05-24,Female,2018-05-04,4,HR Manager,lpena@example.org,592.376.6992x093,"95885 Tina Causeway Suite 361
North Colleenside, AS 10582"
100,Justin,Johnson,1970-02-09,Female,2022-01-18,2,Sales Representative,vhanson@example.org,(231)927-0077,"9282 Denise Inlet
New Perrymouth, DC 46443"
